Workbook
Name Slicer_Departemant_Name: #N/A
Name Slicer_Employment_status: #N/A
Name Slicer_Performance_band1: #N/A

Sheet Analysis
A2: Headcount & Average Salary by Department | F2: Average Performance Score by Employment Status
A3: Department | B3: Headcount | C3: Average of Salary | F3: Status | G3: Average pref score
A4: Finance | B4: 17 | C4: 87938.412 | F4: Active | G4: 67.913793
A5: Human Resources | B5: 18 | C5: 85649.944 | F5: Left | G5: 66.083333 | L5: Average Performance Score by Employment Status
A6: Information Technology | B6: 36 | C6: 80014.222 | F6: Resigned | G6: 76.4 | L6: Average of Salary | M6: Count of Emp ID | N6: Average of pref score
A7: Marketing | B7: 19 | C7: 85508.158 | L7: 83742.553 | M7: 150 | N7: 68.186667
A8: Operations | B8: 29 | C8: 79786.69
A9: Sales | B9: 31 | C9: 87282.258
A10: Total | B10: 150 | C10: 83742.553
A13: Total Projected Bonus Payout by Performance Band | F13: Attrition rate by Department
A14: performance brand | B14: bonus amount payout | F14: Count of Emp ID | G14: Column Labels
A15: Achieving | B15: 190093.2 | F15: Department | G15: Active | H15: Left | I15: Resigned | J15: Overall
A16: Developing | B16: 75052.44 | F16: Finance | G16: 0.82352941 | H16: 0.17647059 | I16: 0 | J16: 1
A17: Exceeding | B17: 145136 | F17: Human Resources | G17: 0.83333333 | H17: 0.11111111 | I17: 0.055555556 | J17: 1
A18: Needs Improvement | B18: 0 | F18: Information Technology | G18: 0.77777778 | H18: 0.16666667 | I18: 0.055555556 | J18: 1
A19: Outstanding | B19: 91980.72 | F19: Marketing | G19: 0.84210526 | H19: 0.15789474 | I19: 0 | J19: 1
A20: Total | B20: 502262.36 | F20: Operations | G20: 0.62068966 | H20: 0.20689655 | I20: 0.17241379 | J20: 1
F21: Sales | G21: 0.80645161 | H21: 0.12903226 | I21: 0.064516129 | J21: 1
F22: Overall | G22: 0.77333333 | H22: 0.16 | I22: 0.066666667 | J22: 1

Sheet HR DASHBOARD
H1: HR ANALYTICS DASHBOARD
A3: TOTAL EMPLOYEES | D3: AVERAGE SALARY | F3: OVERALL ATTRITION RATE | I3: AVG PERFORMANCE SCORE
A4: =GETPIVOTDATA("Count of Emp ID",Analysis!$L$6) -> 150 | D4: =GETPIVOTDATA("Average of Salary",Analysis!$L$6) -> 83742.553 | F4: =GETPIVOTDATA("Emp ID",Analysis!$F$14,"Employment status","Left") -> 0.16 | I4: =GETPIVOTDATA("Average of pref score",Analysis!$L$6) -> 68.186667

Sheet Raw_Employee_Data
A1: Emp ID | B1: First_Name | C1: Last_Name | D1: Hire Date | E1: pref score | F1: Dept code | G1: Employment status | H1: Salary | I1: Full name | J1: Departemant Name | K1: year of service | L1: Performance band | M1: Elegible bonus amount
A2: EMP127 | B2: Emily | C2: Brown | D2: 43093 | E2: 52 | F2: IT02 | G2: Active | H2: 50361 | I2: =TRIM(B2&" "&C2) -> Emily Brown | J2: =VLOOKUP(F2,Lookup_Departments!$A:$B,2,FALSE) -> Information Technology | K2: =DATEDIF(D2,TODAY(),"y") -> 8 | L2: =VLOOKUP(E2,Lookup_Performance!$A:$D,3,TRUE) -> Developing | M2: =H2*VLOOKUP(E2,Lookup_Performance!$A:$D,4,TRUE()) -> 1007.22
A3: EMP046 | B3: Richard | C3: Hernandez | D3: 44659 | E3: 74 | F3: MKT04 | G3: Active | H3: 112673 | I3: =TRIM(B3&" "&C3) -> Richard Hernandez | J3: =VLOOKUP(F3,Lookup_Departments!$A:$B,2,FALSE) -> Marketing | K3: =DATEDIF(D3,TODAY(),"y") -> 4 | L3: =VLOOKUP(E3,Lookup_Performance!$A:$D,3,TRUE) -> Achieving | M3: =H3*VLOOKUP(E3,Lookup_Performance!$A:$D,4,TRUE()) -> 5633.65
A4: EMP134 | B4: Emily | C4: Gonzalez | D4: 42431 | E4: 54 | F4: IT02 | G4: Left | H4: 114425 | I4: =TRIM(B4&" "&C4) -> Emily Gonzalez | J4: =VLOOKUP(F4,Lookup_Departments!$A:$B,2,FALSE) -> Information Technology | K4: =DATEDIF(D4,TODAY(),"y") -> 10 | L4: =VLOOKUP(E4,Lookup_Performance!$A:$D,3,TRUE) -> Developing | M4: =H4*VLOOKUP(E4,Lookup_Performance!$A:$D,4,TRUE()) -> 2288.5
A5: EMP139 | B5: John | C5: Martinez | D5: 45110 | E5: 70 | F5: FIN03 | G5: Active | H5: 103831 | I5: =TRIM(B5&" "&C5) -> John Martinez | J5: =VLOOKUP(F5,Lookup_Departments!$A:$B,2,FALSE) -> Finance | K5: =DATEDIF(D5,TODAY(),"y") -> 3 | L5: =VLOOKUP(E5,Lookup_Performance!$A:$D,3,TRUE) -> Achieving | M5: =H5*VLOOKUP(E5,Lookup_Performance!$A:$D,4,TRUE()) -> 5191.55
A6: EMP112 | B6: Thomas | C6: Smith | D6: 44977 | E6: 40 | F6: IT02 | G6: Left | H6: 73785 | I6: =TRIM(B6&" "&C6) -> Thomas Smith | J6: =VLOOKUP(F6,Lookup_Departments!$A:$B,2,FALSE) -> Information Technology | K6: =DATEDIF(D6,TODAY(),"y") -> 3 | L6: =VLOOKUP(E6,Lookup_Performance!$A:$D,3,TRUE) -> Needs Improvement | M6: =H6*VLOOKUP(E6,Lookup_Performance!$A:$D,4,TRUE()) -> 0
A7: EMP030 | B7: Emily | C7: Johnson | D7: 43892 | E7: 49 | F7: OPS06 | G7: Active | H7: 115882 | I7: =TRIM(B7&" "&C7) -> Emily Johnson | J7: =VLOOKUP(F7,Lookup_Departments!$A:$B,2,FALSE) -> Operations | K7: =DATEDIF(D7,TODAY(),"y") -> 6 | L7: =VLOOKUP(E7,Lookup_Performance!$A:$D,3,TRUE) -> Needs Improvement | M7: =H7*VLOOKUP(E7,Lookup_Performance!$A:$D,4,TRUE()) -> 0
A8: EMP096 | B8: John | C8: Wilson | D8: 45272 | E8: 70 | F8: OPS06 | G8: Left | H8: 59980 | I8: =TRIM(B8&" "&C8) -> John Wilson | J8: =VLOOKUP(F8,Lookup_Departments!$A:$B,2,FALSE) -> Operations | K8: =DATEDIF(D8,TODAY(),"y") -> 2 | L8: =VLOOKUP(E8,Lookup_Performance!$A:$D,3,TRUE) -> Achieving | M8: =H8*VLOOKUP(E8,Lookup_Performance!$A:$D,4,TRUE()) -> 2999
A9: EMP098 | B9: Jessica | C9: Smith | D9: 44174 | E9: 45 | F9: OPS06 | G9: Active | H9: 68728 | I9: =TRIM(B9&" "&C9) -> Jessica Smith | J9: =VLOOKUP(F9,Lookup_Departments!$A:$B,2,FALSE) -> Operations | K9: =DATEDIF(D9,TODAY(),"y") -> 5 | L9: =VLOOKUP(E9,Lookup_Performance!$A:$D,3,TRUE) -> Needs Improvement | M9: =H9*VLOOKUP(E9,Lookup_Performance!$A:$D,4,TRUE()) -> 0
A10: EMP095 | B10: unknown | C10: Rodriguez | D10: 43107 | E10: 79 | F10: FIN03 | G10: Active | H10: 102139 | I10: =TRIM(B10&" "&C10) -> unknown Rodriguez | J10: =VLOOKUP(F10,Lookup_Departments!$A:$B,2,FALSE) -> Finance | K10: =DATEDIF(D10,TODAY(),"y") -> 8 | L10: =VLOOKUP(E10,Lookup_Performance!$A:$D,3,TRUE) -> Achieving | M10: =H10*VLOOKUP(E10,Lookup_Performance!$A:$D,4,TRUE()) -> 5106.95
A11: EMP140 | B11: Michael | C11: Martinez | D11: 42676 | E11: 58 | F11: SAL05 | G11: Active | H11: 94998 | I11: =TRIM(B11&" "&C11) -> Michael Martinez | J11: =VLOOKUP(F11,Lookup_Departments!$A:$B,2,FALSE) -> Sales | K11: =DATEDIF(D11,TODAY(),"y") -> 9 | L11: =VLOOKUP(E11,Lookup_Performance!$A:$D,3,TRUE) -> Developing | M11: =H11*VLOOKUP(E11,Lookup_Performance!$A:$D,4,TRUE()) -> 1899.96
A12: EMP020 | B12: Emily | C12: Miller | D12: 43911 | E12: 49 | F12: SAL05 | G12: Active | H12: 118635 | I12: =TRIM(B12&" "&C12) -> Emily Miller | J12: =VLOOKUP(F12,Lookup_Departments!$A:$B,2,FALSE) -> Sales | K12: =DATEDIF(D12,TODAY(),"y") -> 6 | L12: =VLOOKUP(E12,Lookup_Performance!$A:$D,3,TRUE) -> Needs Improvement | M12: =H12*VLOOKUP(E12,Lookup_Performance!$A:$D,4,TRUE()) -> 0
A13: EMP057 | B13: Emily | C13: Hernandez | D13: 42425 | E13: 62 | F13: IT02 | G13: Active | H13: 76918 | I13: =TRIM(B13&" "&C13) -> Emily Hernandez | J13: =VLOOKUP(F13,Lookup_Departments!$A:$B,2,FALSE) -> Information Technology | K13: =DATEDIF(D13,TODAY(),"y") -> 10 | L13: =VLOOKUP(E13,Lookup_Performance!$A:$D,3,TRUE) -> Developing | M13: =H13*VLOOKUP(E13,Lookup_Performance!$A:$D,4,TRUE()) -> 1538.36
... A151: EMP103 | B151: Amanda | C151: Brown | D151: 44848 | E151: 91 | F151: IT02 | G151: Active | H151: 118634 | I151: =TRIM(B151&" "&C151) -> Amanda Brown | J151: =VLOOKUP(F151,Lookup_Departments!$A:$B,2,FALSE) -> Information Technology | K151: =DATEDIF(D151,TODAY(),"y") -> 3 | L151: =VLOOKUP(E151,Lookup_Performance!$A:$D,3,TRUE) -> Exceeding | M151: =H151*VLOOKUP(E151,Lookup_Performance!$A:$D,4,TRUE()) -> 9490.72
I153: =TRIM(B153&" "&C153)
I154: =TRIM(B154&" "&C154)
I155: =TRIM(B155&" "&C155)

Sheet Lookup_Departments
A1: Dept_Code | B1: Department_Name
A2: HR01 | B2: Human Resources
A3: IT02 | B3: Information Technology
A4: FIN03 | B4: Finance
A5: MKT04 | B5: Marketing
A6: SAL05 | B6: Sales
A7: OPS06 | B7: Operations

Sheet Lookup_Performance
A1: Min_Score | B1: Max_Score | C1: Performance_Band | D1: Bonus_Percentage
A2: 0 | B2: 49 | C2: Needs Improvement | D2: 0
A3: 50 | B3: 69 | C3: Developing | D3: 0.02
A4: 70 | B4: 84 | C4: Achieving | D4: 0.05
A5: 85 | B5: 94 | C5: Exceeding | D5: 0.08
A6: 95 | B6: 100 | C6: Outstanding | D6: 0.12
